Automated commit at Sat Jun 21 11:52:36 UTC 2025
Automated commit at Sun Jun 22 04:21:33 UTC 2025
Automated commit at Mon Jun 23 04:24:57 UTC 2025
Automated commit at Tue Jun 24 04:20:07 UTC 2025
Automated commit at Wed Jun 25 04:20:39 UTC 2025
Automated commit at Thu Jun 26 04:19:32 UTC 2025
Automated commit at Fri Jun 27 04:19:12 UTC 2025
Automated commit at Sat Jun 28 04:13:29 UTC 2025
Automated commit at Sun Jun 29 04:26:20 UTC 2025
Automated commit at Mon Jun 30 04:24:37 UTC 2025
Automated commit at Tue Jul  1 04:29:22 UTC 2025
Automated commit at Wed Jul  2 04:20:17 UTC 2025
Automated commit at Thu Jul  3 04:22:11 UTC 2025
Automated commit at Fri Jul  4 04:19:50 UTC 2025
Automated commit at Sat Jul  5 04:14:35 UTC 2025
Automated commit at Sun Jul  6 04:24:01 UTC 2025
Automated commit at Mon Jul  7 04:25:01 UTC 2025
Automated commit at Tue Jul  8 04:20:41 UTC 2025
Automated commit at Wed Jul  9 04:24:20 UTC 2025
Automated commit at Thu Jul 10 04:22:24 UTC 2025
Automated commit at Fri Jul 11 04:27:31 UTC 2025
Automated commit at Sat Jul 12 04:21:48 UTC 2025
Automated commit at Sun Jul 13 04:28:12 UTC 2025
Automated commit at Mon Jul 14 04:31:56 UTC 2025
Automated commit at Tue Jul 15 04:30:04 UTC 2025
Automated commit at Wed Jul 16 04:29:12 UTC 2025
Automated commit at Thu Jul 17 04:28:46 UTC 2025
Automated commit at Fri Jul 18 04:29:53 UTC 2025
Automated commit at Sat Jul 19 04:21:26 UTC 2025
Automated commit at Sun Jul 20 04:33:23 UTC 2025
Automated commit at Mon Jul 21 04:34:06 UTC 2025
Automated commit at Tue Jul 22 04:29:56 UTC 2025
Automated commit at Wed Jul 23 04:31:23 UTC 2025
Automated commit at Thu Jul 24 04:30:22 UTC 2025
Automated commit at Fri Jul 25 04:29:49 UTC 2025
Automated commit at Sat Jul 26 04:27:02 UTC 2025
Automated commit at Sun Jul 27 04:34:57 UTC 2025
Automated commit at Mon Jul 28 04:36:36 UTC 2025
Automated commit at Tue Jul 29 04:38:23 UTC 2025
Automated commit at Wed Jul 30 04:34:02 UTC 2025
Automated commit at Thu Jul 31 04:32:22 UTC 2025
Automated commit at Fri Aug  1 04:44:09 UTC 2025
Automated commit at Sat Aug  2 04:25:41 UTC 2025
Automated commit at Sun Aug  3 04:39:02 UTC 2025
Automated commit at Mon Aug  4 04:47:42 UTC 2025
Automated commit at Tue Aug  5 04:38:13 UTC 2025
Automated commit at Wed Aug  6 04:35:39 UTC 2025
Automated commit at Thu Aug  7 04:35:40 UTC 2025
Automated commit at Fri Aug  8 04:35:23 UTC 2025
Automated commit at Sat Aug  9 04:19:20 UTC 2025
Automated commit at Sun Aug 10 04:31:17 UTC 2025
Automated commit at Mon Aug 11 04:34:09 UTC 2025
Automated commit at Tue Aug 12 04:18:14 UTC 2025
Automated commit at Wed Aug 13 04:20:34 UTC 2025
Automated commit at Thu Aug 14 04:20:48 UTC 2025
Automated commit at Fri Aug 15 04:20:53 UTC 2025
Automated commit at Sat Aug 16 04:14:45 UTC 2025
Automated commit at Sun Aug 17 04:23:25 UTC 2025
Automated commit at Mon Aug 18 04:29:21 UTC 2025
Automated commit at Tue Aug 19 04:12:30 UTC 2025
Automated commit at Wed Aug 20 04:12:07 UTC 2025
Automated commit at Thu Aug 21 04:12:16 UTC 2025
Automated commit at Fri Aug 22 04:11:13 UTC 2025
Automated commit at Sat Aug 23 04:10:52 UTC 2025
Automated commit at Sun Aug 24 04:16:13 UTC 2025
Automated commit at Mon Aug 25 04:16:42 UTC 2025
Automated commit at Tue Aug 26 04:12:30 UTC 2025
Automated commit at Wed Aug 27 04:11:25 UTC 2025
Automated commit at Thu Aug 28 04:11:17 UTC 2025
Automated commit at Fri Aug 29 04:11:15 UTC 2025
Automated commit at Sat Aug 30 04:10:20 UTC 2025
Automated commit at Sun Aug 31 04:10:29 UTC 2025
Automated commit at Mon Sep  1 04:19:33 UTC 2025
Automated commit at Tue Sep  2 04:11:45 UTC 2025
Automated commit at Wed Sep  3 04:10:49 UTC 2025
Automated commit at Thu Sep  4 04:11:05 UTC 2025
Automated commit at Fri Sep  5 04:11:10 UTC 2025
Automated commit at Sat Sep  6 04:10:16 UTC 2025
Automated commit at Sun Sep  7 04:10:18 UTC 2025
Automated commit at Mon Sep  8 04:11:51 UTC 2025
Automated commit at Tue Sep  9 04:11:30 UTC 2025
Automated commit at Wed Sep 10 04:10:27 UTC 2025
Automated commit at Thu Sep 11 04:10:47 UTC 2025
Automated commit at Fri Sep 12 04:10:12 UTC 2025
Automated commit at Sat Sep 13 04:10:04 UTC 2025
Automated commit at Sun Sep 14 04:10:17 UTC 2025
Automated commit at Mon Sep 15 04:11:57 UTC 2025
Automated commit at Tue Sep 16 04:11:23 UTC 2025
Automated commit at Wed Sep 17 04:10:32 UTC 2025
Automated commit at Thu Sep 18 04:10:45 UTC 2025
Automated commit at Fri Sep 19 04:11:19 UTC 2025
Automated commit at Sat Sep 20 04:10:29 UTC 2025
Automated commit at Sun Sep 21 04:10:36 UTC 2025
Automated commit at Mon Sep 22 04:11:53 UTC 2025
Automated commit at Tue Sep 23 04:11:32 UTC 2025
Automated commit at Wed Sep 24 04:11:20 UTC 2025
Automated commit at Thu Sep 25 04:11:33 UTC 2025
Automated commit at Fri Sep 26 04:11:20 UTC 2025
Automated commit at Sat Sep 27 04:10:25 UTC 2025
Automated commit at Sun Sep 28 04:10:45 UTC 2025
Automated commit at Mon Sep 29 04:11:49 UTC 2025
Automated commit at Tue Sep 30 04:11:30 UTC 2025
Automated commit at Wed Oct  1 04:11:39 UTC 2025
Automated commit at Thu Oct  2 04:11:00 UTC 2025
Automated commit at Fri Oct  3 04:10:53 UTC 2025
Automated commit at Sat Oct  4 04:10:07 UTC 2025
Automated commit at Sun Oct  5 04:10:40 UTC 2025
Automated commit at Mon Oct  6 04:11:05 UTC 2025
Automated commit at Tue Oct  7 04:11:24 UTC 2025
Automated commit at Wed Oct  8 04:11:22 UTC 2025
Automated commit at Thu Oct  9 04:11:26 UTC 2025
Automated commit at Fri Oct 10 04:11:21 UTC 2025
Automated commit at Sat Oct 11 04:10:22 UTC 2025
Automated commit at Sun Oct 12 04:10:27 UTC 2025
Automated commit at Mon Oct 13 04:12:14 UTC 2025
Automated commit at Tue Oct 14 04:11:18 UTC 2025
Automated commit at Wed Oct 15 04:11:43 UTC 2025
Automated commit at Thu Oct 16 04:11:18 UTC 2025
Automated commit at Fri Oct 17 04:11:35 UTC 2025
Automated commit at Sat Oct 18 04:10:16 UTC 2025
Automated commit at Sun Oct 19 04:12:54 UTC 2025
Automated commit at Mon Oct 20 04:15:39 UTC 2025
Automated commit at Tue Oct 21 04:11:35 UTC 2025
Automated commit at Wed Oct 22 04:12:23 UTC 2025
Automated commit at Thu Oct 23 04:11:42 UTC 2025
Automated commit at Fri Oct 24 04:11:28 UTC 2025
Automated commit at Sat Oct 25 04:10:36 UTC 2025
Automated commit at Sun Oct 26 04:11:10 UTC 2025
Automated commit at Mon Oct 27 04:19:37 UTC 2025
Automated commit at Tue Oct 28 04:11:53 UTC 2025
Automated commit at Wed Oct 29 04:16:24 UTC 2025
Automated commit at Thu Oct 30 04:11:33 UTC 2025
Automated commit at Fri Oct 31 04:13:07 UTC 2025
Automated commit at Sat Nov  1 04:10:13 UTC 2025
Automated commit at Sun Nov  2 04:13:16 UTC 2025
Automated commit at Mon Nov  3 04:18:13 UTC 2025
Automated commit at Tue Nov  4 04:11:54 UTC 2025
Automated commit at Wed Nov  5 04:12:49 UTC 2025
Automated commit at Thu Nov  6 04:15:29 UTC 2025
Automated commit at Fri Nov  7 04:12:07 UTC 2025
Automated commit at Sat Nov  8 04:11:05 UTC 2025
Automated commit at Sun Nov  9 04:12:04 UTC 2025
Automated commit at Mon Nov 10 04:17:28 UTC 2025
Automated commit at Tue Nov 11 04:14:19 UTC 2025
Automated commit at Wed Nov 12 04:13:38 UTC 2025
Automated commit at Thu Nov 13 04:15:44 UTC 2025
Automated commit at Fri Nov 14 04:13:40 UTC 2025
Automated commit at Sat Nov 15 04:11:04 UTC 2025
Automated commit at Sun Nov 16 04:16:06 UTC 2025
Automated commit at Mon Nov 17 04:16:27 UTC 2025
Automated commit at Tue Nov 18 04:13:39 UTC 2025
Automated commit at Wed Nov 19 04:13:08 UTC 2025
Automated commit at Thu Nov 20 04:11:54 UTC 2025
Automated commit at Fri Nov 21 04:12:52 UTC 2025
Automated commit at Sat Nov 22 04:10:59 UTC 2025
Automated commit at Sun Nov 23 04:23:54 UTC 2025
Automated commit at Mon Nov 24 04:24:24 UTC 2025
Automated commit at Tue Nov 25 04:16:05 UTC 2025
Automated commit at Wed Nov 26 04:15:52 UTC 2025
Automated commit at Thu Nov 27 04:13:26 UTC 2025
Automated commit at Fri Nov 28 04:13:19 UTC 2025
